[
  {
    "id": "bombina_variegata",
    "nom_commun": "Sonneur \u00e0 ventre jaune",
    "nom_scientifique": "Bombina variegata",
    "audio": "assets/sounds/bombina_variegata.mp3",
    "image": "assets/images/bombina_variegata.jpg"
  },
  {
    "id": "bufo_bufo",
    "nom_commun": "Crapaud commun",
    "nom_scientifique": "Bufo bufo",
    "audio": "assets/sounds/bufo_bufo.mp3",
    "image": "assets/images/bufo_bufo.jpg"
  },
  {
    "id": "hyla_arborea",
    "nom_commun": "Rainette verte",
    "nom_scientifique": "Hyla arborea",
    "audio": "assets/sounds/hyla_arborea.mp3",
    "image": "assets/images/hyla_arborea.jpg"
  }
]